,symboling,normalized-losses,wheel-base,length,width,height,curb-weight,engine-size,bore,stroke,compression-ratio,horsepower,peak-rpm,city-mpg,highway-mpg,power_to_weight,num_cylinders,engine_size_per_cylinder,combined_mpg,make_audi,make_bmw,make_chevrolet,make_dodge,make_honda,make_isuzu,make_jaguar,make_mazda,make_mercedes-benz,make_mercury,make_mitsubishi,make_nissan,make_peugot,make_plymouth,make_porsche,make_renault,make_saab,make_subaru,make_toyota,make_volkswagen,make_volvo,fuel-type_gas,aspiration_turbo,num-of-doors_two,body-style_hardtop,body-style_hatchback,body-style_sedan,body-style_wagon,drive-wheels_fwd,drive-wheels_rwd,engine-location_rear,engine-type_l,engine-type_ohc,engine-type_ohcf,engine-type_ohcv,engine-type_rotor,num-of-cylinders_five,num-of-cylinders_four,num-of-cylinders_six,num-of-cylinders_twelve,num-of-cylinders_two,fuel-system_2bbl,fuel-system_4bbl,fuel-system_idi,fuel-system_mfi,fuel-system_mpfi,fuel-system_spdi,fuel-system_spfi
66,0,118.0,104.9,175.0,66.1,54.4,2700.0,134.0,3.43,3.64,22.0,72.0,4200.0,31.0,39.0,0.02666666666666667,4,33.5,35.0,False,False,False,False,False,False,False,True,False,False,False,False,False,False,False,False,False,False,False,False,False,False,False,False,False,False,True,False,False,True,False,False,True,False,False,False,False,True,False,False,False,False,False,True,False,False,False,False
111,0,161.0,107.9,186.7,68.4,56.7,3075.0,120.0,3.46,2.19,8.4,95.0,5000.0,19.0,24.0,0.030894308943089432,4,30.0,21.5,False,False,False,False,False,False,False,False,False,False,False,False,True,False,False,False,False,False,False,False,False,True,False,False,False,False,True,False,False,True,False,True,False,False,False,False,False,True,False,False,False,False,False,False,False,True,False,False
153,0,77.0,95.7,169.7,63.6,59.1,2280.0,92.0,3.05,3.03,9.0,62.0,4800.0,31.0,37.0,0.027192982456140352,4,23.0,34.0,False,False,False,False,False,False,False,False,False,False,False,False,False,False,False,False,False,False,True,False,False,True,False,False,False,False,False,True,True,False,False,False,True,False,False,False,False,True,False,False,False,True,False,False,False,False,False,False
96,1,122.0,94.5,165.3,63.8,54.5,1971.0,97.0,3.15,3.29,9.4,69.0,5200.0,31.0,37.0,0.0350076103500761,4,24.25,34.0,False,False,False,False,False,False,False,False,False,False,False,True,False,False,False,False,False,False,False,False,False,True,False,False,False,False,True,False,True,False,False,False,True,False,False,False,False,True,False,False,False,True,False,False,False,False,False,False
38,0,106.0,96.5,167.5,65.2,53.3,2289.0,110.0,3.15,3.58,9.0,86.0,5800.0,27.0,33.0,0.037570991699432066,4,27.5,30.0,False,False,False,False,True,False,False,False,False,False,False,False,False,False,False,False,False,False,False,False,False,True,False,True,False,True,False,False,True,False,False,False,True,False,False,False,False,True,False,False,False,False,False,False,False,False,False,False
24,1,148.0,93.7,157.3,63.8,50.6,1967.0,90.0,2.97,3.23,9.4,68.0,5500.0,31.0,38.0,0.03457041179461108,4,22.5,34.5,False,False,False,True,False,False,False,False,False,False,False,False,False,False,False,False,False,False,False,False,False,True,False,False,False,True,False,False,True,False,False,False,True,False,False,False,False,True,False,False,False,True,False,False,False,False,False,False
139,2,83.0,93.7,157.9,63.6,53.7,2120.0,108.0,3.62,2.64,8.7,73.0,4400.0,26.0,31.0,0.03443396226415094,4,27.0,28.5,False,False,False,False,False,False,False,False,False,False,False,False,False,False,False,False,False,True,False,False,False,True,False,True,False,True,False,False,True,False,False,False,False,True,False,False,False,True,False,False,False,True,False,False,False,False,False,False
112,0,161.0,107.9,186.7,68.4,56.7,3252.0,152.0,3.7,3.52,21.0,95.0,4150.0,28.0,33.0,0.02921279212792128,4,38.0,30.5,False,False,False,False,False,False,False,False,False,False,False,False,True,False,False,False,False,False,False,False,False,False,True,False,False,False,True,False,False,True,False,True,False,False,False,False,False,True,False,False,False,False,False,True,False,False,False,False
29,3,145.0,95.9,173.2,66.3,50.2,2811.0,156.0,3.6,3.9,7.0,145.0,5000.0,19.0,24.0,0.05158306652436855,4,39.0,21.5,False,False,False,True,False,False,False,False,False,False,False,False,False,False,False,False,False,False,False,False,False,True,True,True,False,True,False,False,True,False,False,False,True,False,False,False,False,True,False,False,False,False,False,False,True,False,False,False
19,1,98.0,94.5,155.9,63.6,52.0,1874.0,90.0,3.03,3.11,9.6,70.0,5400.0,38.0,43.0,0.03735325506937033,4,22.5,40.5,False,False,True,False,False,False,False,False,False,False,False,False,False,False,False,False,False,False,False,False,False,True,False,True,False,True,False,False,True,False,False,False,True,False,False,False,False,True,False,False,False,True,False,False,False,False,False,False
178,3,197.0,102.9,183.5,67.7,52.0,2976.0,171.0,3.27,3.35,9.3,161.0,5200.0,20.0,24.0,0.0540994623655914,6,28.5,22.0,False,False,False,False,False,False,False,False,False,False,False,False,False,False,False,False,False,False,True,False,False,True,False,True,False,True,False,False,False,True,False,False,False,False,False,False,False,False,True,False,False,False,False,False,False,True,False,False
90,1,128.0,94.5,165.3,63.8,54.5,2017.0,103.0,2.99,3.47,21.9,55.0,4800.0,45.0,50.0,0.027268220128904314,4,25.75,47.5,False,False,False,False,False,False,False,False,False,False,False,True,False,False,False,False,False,False,False,False,False,False,False,True,False,False,True,False,True,False,False,False,True,False,False,False,False,True,False,False,False,False,False,True,False,False,False,False
173,-1,65.0,102.4,175.6,66.5,54.9,2326.0,122.0,3.31,3.54,8.7,92.0,4200.0,29.0,34.0,0.03955288048151333,4,30.5,31.5,False,False,False,False,False,False,False,False,False,False,False,False,False,False,False,False,False,False,True,False,False,True,False,False,False,False,True,False,True,False,False,False,True,False,False,False,False,True,False,False,False,False,False,False,False,True,False,False
93,1,103.0,94.5,170.2,63.8,53.5,2024.0,97.0,3.15,3.29,9.4,69.0,5200.0,31.0,37.0,0.03409090909090909,4,24.25,34.0,False,False,False,False,False,False,False,False,False,False,False,True,False,False,False,False,False,False,False,False,False,True,False,False,False,False,False,True,True,False,False,False,True,False,False,False,False,True,False,False,False,True,False,False,False,False,False,False
5,2,118.0,99.8,177.3,66.3,53.1,2507.0,136.0,3.19,3.4,8.5,110.0,5500.0,19.0,25.0,0.043877143996808934,5,27.2,22.0,True,False,False,False,False,False,False,False,False,False,False,False,False,False,False,False,False,False,False,False,False,True,False,True,False,False,True,False,True,False,False,False,True,False,False,False,True,False,False,False,False,False,False,False,False,True,False,False
167,2,134.0,98.4,176.2,65.6,52.0,2540.0,146.0,3.62,3.5,9.3,116.0,4800.0,24.0,30.0,0.04566929133858268,4,36.5,27.0,False,False,False,False,False,False,False,False,False,False,False,False,False,False,False,False,False,False,True,False,False,True,False,True,True,False,False,False,False,True,False,False,True,False,False,False,False,True,False,False,False,False,False,False,False,True,False,False
56,3,150.0,95.3,169.0,65.7,49.6,2380.0,70.0,3.31,3.29,9.4,101.0,6000.0,17.0,23.0,0.04243697478991597,2,35.0,20.0,False,False,False,False,False,False,False,True,False,False,False,False,False,False,False,False,False,False,False,False,False,True,False,True,False,True,False,False,False,True,False,False,False,False,False,True,False,False,False,False,True,False,True,False,False,False,False,False
128,3,118.0,89.5,168.9,65.0,51.6,2800.0,194.0,3.74,2.9,9.5,207.0,5900.0,17.0,25.0,0.07392857142857143,6,32.333333333333336,21.0,False,False,False,False,False,False,False,False,False,False,False,False,False,False,True,False,False,False,False,False,False,True,False,True,False,False,False,False,False,True,True,False,False,True,False,False,False,False,True,False,False,False,False,False,False,True,False,False
76,2,161.0,93.7,157.3,64.4,50.8,1918.0,92.0,2.97,3.23,9.4,68.0,5500.0,37.0,41.0,0.035453597497393116,4,23.0,39.0,False,False,False,False,False,False,False,False,False,False,True,False,False,False,False,False,False,False,False,False,False,True,False,True,False,True,False,False,True,False,False,False,True,False,False,False,False,True,False,False,False,True,False,False,False,False,False,False
144,0,102.0,97.0,172.0,65.4,54.3,2385.0,108.0,3.62,2.64,9.0,82.0,4800.0,24.0,25.0,0.034381551362683435,4,27.0,24.5,False,False,False,False,False,False,False,False,False,False,False,False,False,False,False,False,False,True,False,False,False,True,False,False,False,False,True,False,False,False,False,False,False,True,False,False,False,True,False,False,False,True,False,False,False,False,False,False
104,3,194.0,91.3,170.7,67.9,49.7,3071.0,181.0,3.43,3.27,9.0,160.0,5200.0,19.0,25.0,0.052100293064148484,6,30.166666666666668,22.0,False,False,False,False,False,False,False,False,False,False,False,True,False,False,False,False,False,False,False,False,False,True,False,True,False,True,False,False,False,True,False,False,False,False,True,False,False,False,True,False,False,False,False,False,False,True,False,False
177,-1,65.0,102.4,175.6,66.5,53.9,2458.0,122.0,3.31,3.54,8.7,92.0,4200.0,27.0,32.0,0.03742880390561432,4,30.5,29.5,False,False,False,False,False,False,False,False,False,False,False,False,False,False,False,False,False,False,True,False,False,True,False,False,False,True,False,False,True,False,False,False,True,False,False,False,False,True,False,False,False,False,False,False,False,True,False,False
75,1,118.0,102.7,178.4,68.0,54.8,2910.0,140.0,3.78,3.12,8.0,175.0,5000.0,19.0,24.0,0.06013745704467354,4,35.0,21.5,False,False,False,False,False,False,False,False,False,True,False,False,False,False,False,False,False,False,False,False,False,True,True,True,False,True,False,False,False,True,False,False,True,False,False,False,False,True,False,False,False,False,False,False,False,True,False,False
174,-1,65.0,102.4,175.6,66.5,54.9,2480.0,110.0,3.27,3.35,22.5,73.0,4500.0,30.0,33.0,0.02943548387096774,4,27.5,31.5,False,False,False,False,False,False,False,False,False,False,False,False,False,False,False,False,False,False,True,False,False,False,True,False,False,False,True,False,True,False,False,False,True,False,False,False,False,True,False,False,False,False,False,True,False,False,False,False
31,2,137.0,86.6,144.6,63.9,50.8,1819.0,92.0,2.91,3.41,9.2,76.0,6000.0,31.0,38.0,0.04178119846069269,4,23.0,34.5,False,False,False,False,True,False,False,False,False,False,False,False,False,False,False,False,False,False,False,False,False,True,False,True,False,True,False,False,True,False,False,False,True,False,False,False,False,True,False,False,False,False,False,False,False,False,False,False
12,0,188.0,101.2,176.8,64.8,54.3,2710.0,164.0,3.31,3.19,9.0,121.0,4250.0,21.0,28.0,0.044649446494464944,6,27.333333333333332,24.5,False,True,False,False,False,False,False,False,False,False,False,False,False,False,False,False,False,False,False,False,False,True,False,True,False,False,True,False,False,True,False,False,True,False,False,False,False,False,True,False,False,False,False,False,False,True,False,False
35,0,110.0,96.5,163.4,64.0,54.5,2010.0,92.0,2.91,3.41,9.2,76.0,6000.0,30.0,34.0,0.03781094527363184,4,23.0,32.0,False,False,False,False,True,False,False,False,False,False,False,False,False,False,False,False,False,False,False,False,False,True,False,False,False,False,True,False,True,False,False,False,True,False,False,False,False,True,False,False,False,False,False,False,False,False,False,False
125,3,186.0,94.5,168.9,68.3,50.2,2778.0,151.0,3.94,3.11,9.5,143.0,5500.0,19.0,27.0,0.05147588192944565,4,37.75,23.0,False,False,False,False,False,False,False,False,False,False,False,False,False,False,True,False,False,False,False,False,False,True,False,True,False,True,False,False,False,True,False,False,True,False,False,False,False,True,False,False,False,False,False,False,False,True,False,False
42,1,107.0,96.5,169.1,66.0,51.0,2293.0,110.0,3.15,3.58,9.1,100.0,5500.0,25.0,31.0,0.043610989969472304,4,27.5,28.0,False,False,False,False,True,False,False,False,False,False,False,False,False,False,False,False,False,False,False,False,False,True,False,True,False,False,True,False,True,False,False,False,True,False,False,False,False,True,False,False,False,True,False,False,False,False,False,False
156,0,91.0,95.7,166.3,64.4,53.0,2081.0,98.0,3.19,3.03,9.0,70.0,4800.0,30.0,37.0,0.03363767419509851,4,24.5,33.5,False,False,False,False,False,False,False,False,False,False,False,False,False,False,False,False,False,False,True,False,False,True,False,False,False,False,True,False,True,False,False,False,True,False,False,False,False,True,False,False,False,True,False,False,False,False,False,False
136,3,150.0,99.1,186.6,66.5,56.1,2808.0,121.0,3.54,3.07,9.0,160.0,5500.0,19.0,26.0,0.05698005698005698,4,30.25,22.5,False,False,False,False,False,False,False,False,False,False,False,False,False,False,False,False,True,False,False,False,False,True,True,True,False,True,False,False,True,False,False,False,False,False,False,False,False,True,False,False,False,False,False,False,False,True,False,False
140,2,83.0,93.3,157.3,63.8,55.7,2240.0,108.0,3.62,2.64,8.7,73.0,4400.0,26.0,31.0,0.032589285714285716,4,27.0,28.5,False,False,False,False,False,False,False,False,False,False,False,False,False,False,False,False,False,True,False,False,False,True,False,True,False,True,False,False,False,False,False,False,False,True,False,False,False,True,False,False,False,True,False,False,False,False,False,False
51,1,104.0,93.1,159.1,64.2,54.1,1900.0,91.0,3.03,3.15,9.0,68.0,5000.0,31.0,38.0,0.035789473684210524,4,22.75,34.5,False,False,False,False,False,False,False,True,False,False,False,False,False,False,False,False,False,False,False,False,False,True,False,True,False,True,False,False,True,False,False,False,True,False,False,False,False,True,False,False,False,True,False,False,False,False,False,False
113,0,118.0,114.2,198.9,68.4,56.7,3285.0,120.0,3.46,2.19,8.4,95.0,5000.0,19.0,24.0,0.0289193302891933,4,30.0,21.5,False,False,False,False,False,False,False,False,False,False,False,False,True,False,False,False,False,False,False,False,False,True,False,False,False,False,False,True,False,True,False,True,False,False,False,False,False,True,False,False,False,False,False,False,False,True,False,False
166,1,168.0,94.5,168.7,64.0,52.6,2300.0,98.0,3.24,3.08,9.4,112.0,6600.0,26.0,29.0,0.04869565217391304,4,24.5,27.5,False,False,False,False,False,False,False,False,False,False,False,False,False,False,False,False,False,False,True,False,False,True,False,True,False,True,False,False,False,True,False,False,False,False,False,False,False,True,False,False,False,False,False,False,False,True,False,False
41,0,85.0,96.5,175.4,65.2,54.1,2465.0,110.0,3.15,3.58,9.0,101.0,5800.0,24.0,28.0,0.040973630831643,4,27.5,26.0,False,False,False,False,True,False,False,False,False,False,False,False,False,False,False,False,False,False,False,False,False,True,False,False,False,False,True,False,True,False,False,False,True,False,False,False,False,True,False,False,False,False,False,False,False,True,False,False
124,3,118.0,95.9,173.2,66.3,50.2,2818.0,156.0,3.59,3.86,7.0,145.0,5000.0,19.0,24.0,0.05145493257629524,4,39.0,21.5,False,False,False,False,False,False,False,False,False,False,False,False,False,True,False,False,False,False,False,False,False,True,True,True,False,True,False,False,False,True,False,False,True,False,False,False,False,True,False,False,False,False,False,False,False,False,True,False
78,2,161.0,93.7,157.3,64.4,50.8,2004.0,92.0,2.97,3.23,9.4,68.0,5500.0,31.0,38.0,0.033932135728542916,4,23.0,34.5,False,False,False,False,False,False,False,False,False,False,True,False,False,False,False,False,False,False,False,False,False,True,False,True,False,True,False,False,True,False,False,False,True,False,False,False,False,True,False,False,False,True,False,False,False,False,False,False
119,1,119.0,93.7,157.3,63.8,50.8,2128.0,98.0,3.03,3.39,7.6,102.0,5500.0,24.0,30.0,0.047932330827067667,4,24.5,27.0,False,False,False,False,False,False,False,False,False,False,False,False,False,True,False,False,False,False,False,False,False,True,True,True,False,True,False,False,True,False,False,False,True,False,False,False,False,True,False,False,False,False,False,False,False,False,True,False
26,1,148.0,93.7,157.3,63.8,50.6,1989.0,90.0,2.97,3.23,9.4,68.0,5500.0,31.0,38.0,0.03418803418803419,4,22.5,34.5,False,False,False,True,False,False,False,False,False,False,False,False,False,False,False,False,False,False,False,False,False,True,False,False,False,False,True,False,True,False,False,False,True,False,False,False,False,True,False,False,False,True,False,False,False,False,False,False
137,2,104.0,99.1,186.6,66.5,56.1,2847.0,121.0,3.54,3.07,9.0,160.0,5500.0,19.0,26.0,0.056199508254302775,4,30.25,22.5,False,False,False,False,False,False,False,False,False,False,False,False,False,False,False,False,True,False,False,False,False,True,True,False,False,False,True,False,True,False,False,False,False,False,False,False,False,True,False,False,False,False,False,False,False,True,False,False
200,-1,95.0,109.1,188.8,68.9,55.5,2952.0,141.0,3.78,3.15,9.5,114.0,5400.0,23.0,28.0,0.03861788617886179,4,35.25,25.5,False,False,False,False,False,False,False,False,False,False,False,False,False,False,False,False,False,False,False,False,True,True,False,False,False,False,True,False,False,True,False,False,True,False,False,False,False,True,False,False,False,False,False,False,False,True,False,False
117,0,161.0,108.0,186.7,68.3,56.0,3130.0,134.0,3.61,3.21,7.0,142.0,5600.0,18.0,24.0,0.04536741214057508,4,33.5,21.0,False,False,False,False,False,False,False,False,False,False,False,False,True,False,False,False,False,False,False,False,False,True,True,False,False,False,True,False,False,True,False,True,False,False,False,False,False,True,False,False,False,False,False,False,False,True,False,False
2,1,118.0,94.5,171.2,65.5,52.4,2823.0,152.0,2.68,3.47,9.0,154.0,5000.0,19.0,26.0,0.05455189514700673,6,25.333333333333332,22.5,False,False,False,False,False,False,False,False,False,False,False,False,False,False,False,False,False,False,False,False,False,True,False,True,False,True,False,False,False,True,False,False,False,False,True,False,False,False,True,False,False,False,False,False,False,True,False,False
77,2,161.0,93.7,157.3,64.4,50.8,1944.0,92.0,2.97,3.23,9.4,68.0,5500.0,31.0,38.0,0.03497942386831276,4,23.0,34.5,False,False,False,False,False,False,False,False,False,False,True,False,False,False,False,False,False,False,False,False,False,True,False,True,False,True,False,False,True,False,False,False,True,False,False,False,False,True,False,False,False,True,False,False,False,False,False,False
46,2,118.0,96.0,172.6,65.2,51.4,2734.0,119.0,3.43,3.23,9.2,90.0,5000.0,24.0,29.0,0.03291880029261156,4,29.75,26.5,False,False,False,False,False,True,False,False,False,False,False,False,False,False,False,False,False,False,False,False,False,True,False,True,False,True,False,False,False,True,False,False,True,False,False,False,False,True,False,False,False,False,False,False,False,False,False,True
122,1,154.0,93.7,167.3,63.8,50.8,2191.0,98.0,2.97,3.23,9.4,68.0,5500.0,31.0,38.0,0.031036056595162027,4,24.5,34.5,False,False,False,False,False,False,False,False,False,False,False,False,False,True,False,False,False,False,False,False,False,True,False,False,False,False,True,False,True,False,False,False,True,False,False,False,False,True,False,False,False,True,False,False,False,False,False,False
127,3,118.0,89.5,168.9,65.0,51.6,2756.0,194.0,3.74,2.9,9.5,207.0,5900.0,17.0,25.0,0.07510885341074021,6,32.333333333333336,21.0,False,False,False,False,False,False,False,False,False,False,False,False,False,False,True,False,False,False,False,False,False,True,False,True,True,False,False,False,False,True,True,False,False,True,False,False,False,False,True,False,False,False,False,False,False,True,False,False
85,1,125.0,96.3,172.4,65.4,51.6,2365.0,122.0,3.35,3.46,8.5,88.0,5000.0,25.0,32.0,0.037209302325581395,4,30.5,28.5,False,False,False,False,False,False,False,False,False,False,True,False,False,False,False,False,False,False,False,False,False,True,False,False,False,False,True,False,True,False,False,False,True,False,False,False,False,True,False,False,False,True,False,False,False,False,False,False
138,2,83.0,93.7,156.9,63.4,53.7,2050.0,97.0,3.62,2.36,9.0,69.0,4900.0,31.0,36.0,0.033658536585365856,4,24.25,33.5,False,False,False,False,False,False,False,False,False,False,False,False,False,False,False,False,False,True,False,False,False,True,False,True,False,True,False,False,True,False,False,False,False,True,False,False,False,True,False,False,False,True,False,False,False,False,False,False
36,0,78.0,96.5,157.1,63.9,58.3,2024.0,92.0,2.92,3.41,9.2,76.0,6000.0,30.0,34.0,0.037549407114624504,4,23.0,32.0,False,False,False,False,True,False,False,False,False,False,False,False,False,False,False,False,False,False,False,False,False,True,False,False,False,False,False,True,True,False,False,False,True,False,False,False,False,True,False,False,False,False,False,False,False,False,False,False
114,0,118.0,114.2,198.9,68.4,58.7,3485.0,152.0,3.7,3.52,21.0,95.0,4150.0,25.0,25.0,0.027259684361549498,4,38.0,25.0,False,False,False,False,False,False,False,False,False,False,False,False,True,False,False,False,False,False,False,False,False,False,True,False,False,False,False,True,False,True,False,True,False,False,False,False,False,True,False,False,False,False,False,True,False,False,False,False
61,1,129.0,98.8,177.8,66.5,53.7,2385.0,122.0,3.39,3.39,8.6,84.0,4800.0,26.0,32.0,0.03522012578616352,4,30.5,29.0,False,False,False,False,False,False,False,True,False,False,False,False,False,False,False,False,False,False,False,False,False,True,False,True,False,True,False,False,True,False,False,False,True,False,False,False,False,True,False,False,False,True,False,False,False,False,False,False
22,1,118.0,93.7,157.3,63.8,50.8,1876.0,90.0,2.97,3.23,9.4,68.0,5500.0,31.0,38.0,0.03624733475479744,4,22.5,34.5,False,False,False,True,False,False,False,False,False,False,False,False,False,False,False,False,False,False,False,False,False,True,False,True,False,True,False,False,True,False,False,False,True,False,False,False,False,True,False,False,False,True,False,False,False,False,False,False
135,2,104.0,99.1,186.6,66.5,56.1,2758.0,121.0,3.54,3.07,9.3,110.0,5250.0,21.0,28.0,0.03988397389412618,4,30.25,24.5,False,False,False,False,False,False,False,False,False,False,False,False,False,False,False,False,True,False,False,False,False,True,False,False,False,False,True,False,True,False,False,False,True,False,False,False,False,True,False,False,False,False,False,False,False,True,False,False
192,0,118.0,100.4,180.2,66.9,55.1,2579.0,97.0,3.01,3.4,23.0,68.0,4500.0,33.0,38.0,0.026366808840635907,4,24.25,35.5,False,False,False,False,False,False,False,False,False,False,False,False,False,False,False,False,False,False,False,True,False,False,True,False,False,False,True,False,True,False,False,False,True,False,False,False,False,True,False,False,False,False,False,True,False,False,False,False
33,1,101.0,93.7,150.0,64.0,52.6,1940.0,92.0,2.91,3.41,9.2,76.0,6000.0,30.0,34.0,0.03917525773195876,4,23.0,32.0,False,False,False,False,True,False,False,False,False,False,False,False,False,False,False,False,False,False,False,False,False,True,False,True,False,True,False,False,True,False,False,False,True,False,False,False,False,True,False,False,False,False,False,False,False,False,False,False
11,0,192.0,101.2,176.8,64.8,54.3,2395.0,108.0,3.5,2.8,8.8,101.0,5800.0,23.0,29.0,0.042171189979123176,4,27.0,26.0,False,True,False,False,False,False,False,False,False,False,False,False,False,False,False,False,False,False,False,False,False,True,False,False,False,False,True,False,False,True,False,False,True,False,False,False,False,True,False,False,False,False,False,False,False,True,False,False
199,-1,74.0,104.3,188.8,67.2,57.5,3157.0,130.0,3.62,3.15,7.5,162.0,5100.0,17.0,22.0,0.05131453911941717,4,32.5,19.5,False,False,False,False,False,False,False,False,False,False,False,False,False,False,False,False,False,False,False,False,True,True,True,False,False,False,False,True,False,True,False,False,True,False,False,False,False,True,False,False,False,False,False,False,False,True,False,False
163,1,168.0,94.5,168.7,64.0,52.6,2169.0,98.0,3.19,3.03,9.0,70.0,4800.0,29.0,34.0,0.03227293683725219,4,24.5,31.5,False,False,False,False,False,False,False,False,False,False,False,False,False,False,False,False,False,False,True,False,False,True,False,True,False,False,True,False,False,True,False,False,True,False,False,False,False,True,False,False,False,True,False,False,False,False,False,False
6,1,158.0,105.8,192.7,71.4,55.7,2844.0,136.0,3.19,3.4,8.5,110.0,5500.0,19.0,25.0,0.03867791842475387,5,27.2,22.0,True,False,False,False,False,False,False,False,False,False,False,False,False,False,False,False,False,False,False,False,False,True,False,False,False,False,True,False,True,False,False,False,True,False,False,False,True,False,False,False,False,False,False,False,False,True,False,False
27,1,148.0,93.7,157.3,63.8,50.6,2191.0,98.0,3.03,3.39,7.6,102.0,5500.0,24.0,30.0,0.04655408489274304,4,24.5,27.0,False,False,False,True,False,False,False,False,False,False,False,False,False,False,False,False,False,False,False,False,False,True,True,False,False,False,True,False,True,False,False,False,True,False,False,False,False,True,False,False,False,False,False,False,False,True,False,False
126,3,118.0,89.5,168.9,65.0,51.6,2756.0,194.0,3.74,2.9,9.5,207.0,5900.0,17.0,25.0,0.07510885341074021,6,32.333333333333336,21.0,False,False,False,False,False,False,False,False,False,False,False,False,False,False,True,False,False,False,False,False,False,True,False,True,True,False,False,False,False,True,True,False,False,True,False,False,False,False,True,False,False,False,False,False,False,True,False,False
196,-2,103.0,104.3,188.8,67.2,56.2,2935.0,141.0,3.78,3.15,9.5,114.0,5400.0,24.0,28.0,0.03884156729131175,4,35.25,26.0,False,False,False,False,False,False,False,False,False,False,False,False,False,False,False,False,False,False,False,False,True,True,False,False,False,False,True,False,False,True,False,False,True,False,False,False,False,True,False,False,False,False,False,False,False,True,False,False
141,0,102.0,97.2,172.0,65.4,52.5,2145.0,108.0,3.62,2.64,9.5,82.0,4800.0,32.0,37.0,0.03822843822843823,4,27.0,34.5,False,False,False,False,False,False,False,False,False,False,False,False,False,False,False,False,False,True,False,False,False,True,False,False,False,False,True,False,True,False,False,False,False,True,False,False,False,True,False,False,False,True,False,False,False,False,False,False
4,2,164.0,99.4,176.6,66.4,54.3,2824.0,136.0,3.19,3.4,8.0,115.0,5500.0,18.0,22.0,0.04072237960339943,5,27.2,20.0,True,False,False,False,False,False,False,False,False,False,False,False,False,False,False,False,False,False,False,False,False,True,False,False,False,False,True,False,False,False,False,False,True,False,False,False,True,False,False,False,False,False,False,False,False,True,False,False
32,1,101.0,93.7,150.0,64.0,52.6,1837.0,79.0,2.91,3.07,10.1,60.0,5500.0,38.0,42.0,0.0326619488296135,4,19.75,40.0,False,False,False,False,True,False,False,False,False,False,False,False,False,False,False,False,False,False,False,False,False,True,False,True,False,True,False,False,True,False,False,False,True,False,False,False,False,True,False,False,False,False,False,False,False,False,False,False
109,0,118.0,114.2,198.9,68.4,58.7,3230.0,120.0,3.46,3.19,8.4,97.0,5000.0,19.0,24.0,0.030030959752321982,4,30.0,21.5,False,False,False,False,False,False,False,False,False,False,False,False,True,False,False,False,False,False,False,False,False,True,False,False,False,False,False,True,False,True,False,True,False,False,False,False,False,True,False,False,False,False,False,False,False,True,False,False
187,2,94.0,97.3,171.7,65.5,55.7,2319.0,97.0,3.01,3.4,23.0,68.0,4500.0,37.0,42.0,0.029322984044846918,4,24.25,39.5,False,False,False,False,False,False,False,False,False,False,False,False,False,False,False,False,False,False,False,True,False,False,True,False,False,False,True,False,True,False,False,False,True,False,False,False,False,True,False,False,False,False,False,True,False,False,False,False
115,0,161.0,107.9,186.7,68.4,56.7,3075.0,120.0,3.46,3.19,8.4,97.0,5000.0,19.0,24.0,0.031544715447154474,4,30.0,21.5,False,False,False,False,False,False,False,False,False,False,False,False,True,False,False,False,False,False,False,False,False,True,False,False,False,False,True,False,False,True,False,True,False,False,False,False,False,True,False,False,False,False,False,False,False,True,False,False
148,0,85.0,96.9,173.6,65.4,54.9,2420.0,108.0,3.62,2.64,9.0,82.0,4800.0,23.0,29.0,0.033884297520661154,4,27.0,26.0,False,False,False,False,False,False,False,False,False,False,False,False,False,False,False,False,False,True,False,False,False,True,False,False,False,False,False,True,False,False,False,False,False,True,False,False,False,True,False,False,False,True,False,False,False,False,False,False
10,2,192.0,101.2,176.8,64.8,54.3,2395.0,108.0,3.5,2.8,8.8,101.0,5800.0,23.0,29.0,0.042171189979123176,4,27.0,26.0,False,True,False,False,False,False,False,False,False,False,False,False,False,False,False,False,False,False,False,False,False,True,False,True,False,False,True,False,False,True,False,False,True,False,False,False,False,True,False,False,False,False,False,False,False,True,False,False
62,0,115.0,98.8,177.8,66.5,55.5,2410.0,122.0,3.39,3.39,8.6,84.0,4800.0,26.0,32.0,0.034854771784232366,4,30.5,29.0,False,False,False,False,False,False,False,True,False,False,False,False,False,False,False,False,False,False,False,False,False,True,False,False,False,False,True,False,True,False,False,False,True,False,False,False,False,True,False,False,False,True,False,False,False,False,False,False
118,1,119.0,93.7,157.3,63.8,50.8,1918.0,90.0,2.97,3.23,9.4,68.0,5500.0,37.0,41.0,0.035453597497393116,4,22.5,39.0,False,False,False,False,False,False,False,False,False,False,False,False,False,True,False,False,False,False,False,False,False,True,False,True,False,True,False,False,True,False,False,False,True,False,False,False,False,True,False,False,False,True,False,False,False,False,False,False
150,1,87.0,95.7,158.7,63.6,54.5,1985.0,92.0,3.05,3.03,9.0,62.0,4800.0,35.0,39.0,0.031234256926952142,4,23.0,37.0,False,False,False,False,False,False,False,False,False,False,False,False,False,False,False,False,False,False,True,False,False,True,False,True,False,True,False,False,True,False,False,False,True,False,False,False,False,True,False,False,False,True,False,False,False,False,False,False
170,2,134.0,98.4,176.2,65.6,52.0,2679.0,146.0,3.62,3.5,9.3,116.0,4800.0,24.0,30.0,0.04329973870847331,4,36.5,27.0,False,False,False,False,False,False,False,False,False,False,False,False,False,False,False,False,False,False,True,False,False,True,False,True,True,False,False,False,False,True,False,False,True,False,False,False,False,True,False,False,False,False,False,False,False,True,False,False
0,3,118.0,88.6,168.8,64.1,48.8,2548.0,130.0,3.47,2.68,9.0,111.0,5000.0,21.0,27.0,0.04356357927786499,4,32.5,24.0,False,False,False,False,False,False,False,False,False,False,False,False,False,False,False,False,False,False,False,False,False,True,False,True,False,False,False,False,False,True,False,False,False,False,False,False,False,True,False,False,False,False,False,False,False,True,False,False
184,2,94.0,97.3,171.7,65.5,55.7,2264.0,97.0,3.01,3.4,23.0,52.0,4800.0,37.0,46.0,0.022968197879858657,4,24.25,41.5,False,False,False,False,False,False,False,False,False,False,False,False,False,False,False,False,False,False,False,True,False,False,False,False,False,False,True,False,True,False,False,False,True,False,False,False,False,True,False,False,False,False,False,True,False,False,False,False
183,2,122.0,97.3,171.7,65.5,55.7,2209.0,109.0,3.19,3.4,9.0,85.0,5250.0,27.0,34.0,0.03847894975101856,4,27.25,30.5,False,False,False,False,False,False,False,False,False,False,False,False,False,False,False,False,False,False,False,True,False,True,False,True,False,False,True,False,True,False,False,False,True,False,False,False,False,True,False,False,False,False,False,False,False,True,False,False
70,-1,93.0,115.6,202.6,71.7,56.3,3770.0,183.0,3.58,3.64,21.5,123.0,4350.0,22.0,25.0,0.03262599469496021,5,36.6,23.5,False,False,False,False,False,False,False,False,True,False,False,False,False,False,False,False,False,False,False,False,False,False,True,False,False,False,True,False,False,True,False,False,True,False,False,False,True,False,False,False,False,False,False,True,False,False,False,False
203,-1,95.0,109.1,188.8,68.9,55.5,3217.0,145.0,3.01,3.4,23.0,106.0,4800.0,26.0,27.0,0.032949953372707494,6,24.166666666666668,26.5,False,False,False,False,False,False,False,False,False,False,False,False,False,False,False,False,False,False,False,False,True,False,True,False,False,False,True,False,False,True,False,False,True,False,False,False,False,False,True,False,False,False,False,True,False,False,False,False
64,0,115.0,98.8,177.8,66.5,55.5,2425.0,122.0,3.39,3.39,8.6,84.0,4800.0,26.0,32.0,0.03463917525773196,4,30.5,29.0,False,False,False,False,False,False,False,True,False,False,False,False,False,False,False,False,False,False,False,False,False,True,False,False,False,True,False,False,True,False,False,False,True,False,False,False,False,True,False,False,False,True,False,False,False,False,False,False
165,1,168.0,94.5,168.7,64.0,52.6,2265.0,98.0,3.24,3.08,9.4,112.0,6600.0,26.0,29.0,0.04944812362030905,4,24.5,27.5,False,False,False,False,False,False,False,False,False,False,False,False,False,False,False,False,False,False,True,False,False,True,False,True,False,False,True,False,False,True,False,False,False,False,False,False,False,True,False,False,False,False,False,False,False,True,False,False
28,-1,110.0,103.3,174.6,64.6,59.8,2535.0,122.0,3.34,3.46,8.5,88.0,5000.0,24.0,30.0,0.03471400394477318,4,30.5,27.0,False,False,False,True,False,False,False,False,False,False,False,False,False,False,False,False,False,False,False,False,False,True,False,False,False,False,False,True,True,False,False,False,True,False,False,False,False,True,False,False,False,True,False,False,False,False,False,False
40,0,85.0,96.5,175.4,62.5,54.1,2372.0,110.0,3.15,3.58,9.0,86.0,5800.0,27.0,33.0,0.03625632377740304,4,27.5,30.0,False,False,False,False,True,False,False,False,False,False,False,False,False,False,False,False,False,False,False,False,False,True,False,False,False,False,True,False,True,False,False,False,True,False,False,False,False,True,False,False,False,False,False,False,False,False,False,False
108,0,161.0,107.9,186.7,68.4,56.7,3197.0,152.0,3.7,3.52,21.0,95.0,4150.0,28.0,33.0,0.029715358148264,4,38.0,30.5,False,False,False,False,False,False,False,False,False,False,False,False,True,False,False,False,False,False,False,False,False,False,True,False,False,False,True,False,False,True,False,True,False,False,False,False,False,True,False,False,False,False,False,True,False,False,False,False
123,-1,74.0,103.3,174.6,64.6,59.8,2535.0,122.0,3.35,3.46,8.5,88.0,5000.0,24.0,30.0,0.03471400394477318,4,30.5,27.0,False,False,False,False,False,False,False,False,False,False,False,False,False,True,False,False,False,False,False,False,False,True,False,False,False,False,False,True,True,False,False,False,True,False,False,False,False,True,False,False,False,True,False,False,False,False,False,False
23,1,118.0,93.7,157.3,63.8,50.8,2128.0,98.0,3.03,3.39,7.6,102.0,5500.0,24.0,30.0,0.047932330827067667,4,24.5,27.0,False,False,False,True,False,False,False,False,False,False,False,False,False,False,False,False,False,False,False,False,False,True,True,True,False,True,False,False,True,False,False,False,True,False,False,False,False,True,False,False,False,False,False,False,False,True,False,False
155,0,91.0,95.7,169.7,63.6,59.1,3110.0,92.0,3.05,3.03,9.0,62.0,4800.0,27.0,32.0,0.019935691318327974,4,23.0,29.5,False,False,False,False,False,False,False,False,False,False,False,False,False,False,False,False,False,False,True,False,False,True,False,False,False,False,False,True,False,False,False,False,True,False,False,False,False,True,False,False,False,True,False,False,False,False,False,False
189,3,118.0,94.5,159.3,64.2,55.6,2254.0,109.0,3.19,3.4,8.5,90.0,5500.0,24.0,29.0,0.03992901508429459,4,27.25,26.5,False,False,False,False,False,False,False,False,False,False,False,False,False,False,False,False,False,False,False,True,False,True,False,True,False,False,False,False,True,False,False,False,True,False,False,False,False,True,False,False,False,False,False,False,False,True,False,False
81,3,153.0,96.3,173.0,65.4,49.4,2328.0,122.0,3.35,3.46,8.5,88.0,5000.0,25.0,32.0,0.037800687285223365,4,30.5,28.5,False,False,False,False,False,False,False,False,False,False,True,False,False,False,False,False,False,False,False,False,False,True,False,True,False,True,False,False,True,False,False,False,True,False,False,False,False,True,False,False,False,True,False,False,False,False,False,False
39,0,85.0,96.5,175.4,65.2,54.1,2304.0,110.0,3.15,3.58,9.0,86.0,5800.0,27.0,33.0,0.03732638888888889,4,27.5,30.0,False,False,False,False,True,False,False,False,False,False,False,False,False,False,False,False,False,False,False,False,False,True,False,False,False,False,True,False,True,False,False,False,True,False,False,False,False,True,False,False,False,False,False,False,False,False,False,False
172,2,134.0,98.4,176.2,65.6,53.0,2975.0,146.0,3.62,3.5,9.3,116.0,4800.0,24.0,30.0,0.038991596638655465,4,36.5,27.0,False,False,False,False,False,False,False,False,False,False,False,False,False,False,False,False,False,False,True,False,False,True,False,True,False,False,False,False,False,True,False,False,True,False,False,False,False,True,False,False,False,False,False,False,False,True,False,False
47,0,145.0,113.0,199.6,69.6,52.8,4066.0,258.0,3.63,4.17,8.1,176.0,4750.0,15.0,19.0,0.04328578455484506,6,43.0,17.0,False,False,False,False,False,False,True,False,False,False,False,False,False,False,False,False,False,False,False,False,False,True,False,False,False,False,True,False,False,True,False,False,False,False,False,False,False,False,True,False,False,False,False,False,False,True,False,False
94,1,128.0,94.5,165.3,63.8,54.5,1951.0,97.0,3.15,3.29,9.4,69.0,5200.0,31.0,37.0,0.035366478728856995,4,24.25,34.0,False,False,False,False,False,False,False,False,False,False,False,True,False,False,False,False,False,False,False,False,False,True,False,True,False,False,True,False,True,False,False,False,True,False,False,False,False,True,False,False,False,True,False,False,False,False,False,False
158,0,91.0,95.7,166.3,64.4,53.0,2275.0,110.0,3.27,3.35,22.5,56.0,4500.0,34.0,36.0,0.024615384615384615,4,27.5,35.0,False,False,False,False,False,False,False,False,False,False,False,False,False,False,False,False,False,False,True,False,False,False,False,False,False,False,True,False,True,False,False,False,True,False,False,False,False,True,False,False,False,False,False,True,False,False,False,False
43,0,118.0,94.3,170.7,61.8,53.5,2337.0,111.0,3.31,3.23,8.5,78.0,4800.0,24.0,29.0,0.03337612323491656,4,27.75,26.5,False,False,False,False,False,True,False,False,False,False,False,False,False,False,False,False,False,False,False,False,False,True,False,False,False,False,True,False,False,True,False,False,True,False,False,False,False,True,False,False,False,True,False,False,False,False,False,False
142,0,102.0,97.2,172.0,65.4,52.5,2190.0,108.0,3.62,2.64,9.5,82.0,4400.0,28.0,33.0,0.03744292237442922,4,27.0,30.5,False,False,False,False,False,False,False,False,False,False,False,False,False,False,False,False,False,True,False,False,False,True,False,False,False,False,True,False,True,False,False,False,False,True,False,False,False,True,False,False,False,True,False,False,False,False,False,False
3,2,164.0,99.8,176.6,66.2,54.3,2337.0,109.0,3.19,3.4,10.0,102.0,5500.0,24.0,30.0,0.043645699614890884,4,27.25,27.0,True,False,False,False,False,False,False,False,False,False,False,False,False,False,False,False,False,False,False,False,False,True,False,False,False,False,True,False,True,False,False,False,True,False,False,False,False,True,False,False,False,False,False,False,False,True,False,False
105,3,194.0,91.3,170.7,67.9,49.7,3139.0,181.0,3.43,3.27,7.8,200.0,5200.0,17.0,23.0,0.06371455877668047,6,30.166666666666668,20.0,False,False,False,False,False,False,False,False,False,False,False,True,False,False,False,False,False,False,False,False,False,True,True,True,False,True,False,False,False,True,False,False,False,False,True,False,False,False,True,False,False,False,False,False,False,True,False,False
53,1,113.0,93.1,166.8,64.2,54.1,1945.0,91.0,3.03,3.15,9.0,68.0,5000.0,31.0,38.0,0.03496143958868895,4,22.75,34.5,False,False,False,False,False,False,False,True,False,False,False,False,False,False,False,False,False,False,False,False,False,True,False,False,False,False,True,False,True,False,False,False,True,False,False,False,False,True,False,False,False,True,False,False,False,False,False,False
133,2,104.0,99.1,186.6,66.5,56.1,2695.0,121.0,3.54,3.07,9.3,110.0,5250.0,21.0,28.0,0.04081632653061224,4,30.25,24.5,False,False,False,False,False,False,False,False,False,False,False,False,False,False,False,False,True,False,False,False,False,True,False,False,False,False,True,False,True,False,False,False,True,False,False,False,False,True,False,False,False,False,False,False,False,True,False,False
185,2,94.0,97.3,171.7,65.5,55.7,2212.0,109.0,3.19,3.4,9.0,85.0,5250.0,27.0,34.0,0.03842676311030741,4,27.25,30.5,False,False,False,False,False,False,False,False,False,False,False,False,False,False,False,False,False,False,False,True,False,True,False,False,False,False,True,False,True,False,False,False,True,False,False,False,False,True,False,False,False,False,False,False,False,True,False,False
161,0,91.0,95.7,166.3,64.4,52.8,2122.0,98.0,3.19,3.03,9.0,70.0,4800.0,28.0,34.0,0.03298774740810556,4,24.5,31.0,False,False,False,False,False,False,False,False,False,False,False,False,False,False,False,False,False,False,True,False,False,True,False,False,False,True,False,False,True,False,False,False,True,False,False,False,False,True,False,False,False,True,False,False,False,False,False,False
190,3,256.0,94.5,165.7,64.0,51.4,2221.0,109.0,3.19,3.4,8.5,90.0,5500.0,24.0,29.0,0.040522287257991896,4,27.25,26.5,False,False,False,False,False,False,False,False,False,False,False,False,False,False,False,False,False,False,False,True,False,True,False,True,False,True,False,False,True,False,False,False,True,False,False,False,False,True,False,False,False,False,False,False,False,True,False,False
49,0,118.0,102.0,191.7,70.6,47.8,3950.0,326.0,3.54,2.76,11.5,262.0,5000.0,13.0,17.0,0.06632911392405064,12,27.166666666666668,15.0,False,False,False,False,False,False,True,False,False,False,False,False,False,False,False,False,False,False,False,False,False,True,False,True,False,False,True,False,False,True,False,False,False,False,True,False,False,False,False,True,False,False,False,False,False,True,False,False
80,3,153.0,96.3,173.0,65.4,49.4,2370.0,110.0,3.17,3.46,7.5,116.0,5500.0,23.0,30.0,0.048945147679324896,4,27.5,26.5,False,False,False,False,False,False,False,False,False,False,True,False,False,False,False,False,False,False,False,False,False,True,True,True,False,True,False,False,True,False,False,False,True,False,False,False,False,True,False,False,False,False,False,False,False,False,True,False
34,1,101.0,93.7,150.0,64.0,52.6,1956.0,92.0,2.91,3.41,9.2,76.0,6000.0,30.0,34.0,0.03885480572597137,4,23.0,32.0,False,False,False,False,True,False,False,False,False,False,False,False,False,False,False,False,False,False,False,False,False,True,False,True,False,True,False,False,True,False,False,False,True,False,False,False,False,True,False,False,False,False,False,False,False,False,False,False
7,1,118.0,105.8,192.7,71.4,55.7,2954.0,136.0,3.19,3.4,8.5,110.0,5500.0,19.0,25.0,0.037237643872714964,5,27.2,22.0,True,False,False,False,False,False,False,False,False,False,False,False,False,False,False,False,False,False,False,False,False,True,False,False,False,False,False,True,True,False,False,False,True,False,False,False,True,False,False,False,False,False,False,False,False,True,False,False
110,0,118.0,114.2,198.9,68.4,58.7,3430.0,152.0,3.7,3.52,21.0,95.0,4150.0,25.0,25.0,0.027696793002915453,4,38.0,25.0,False,False,False,False,False,False,False,False,False,False,False,False,True,False,False,False,False,False,False,False,False,False,True,False,False,False,False,True,False,True,False,True,False,False,False,False,False,True,False,False,False,False,False,True,False,False,False,False
91,1,128.0,94.5,165.3,63.8,54.5,1918.0,97.0,3.15,3.29,9.4,69.0,5200.0,31.0,37.0,0.03597497393117831,4,24.25,34.0,False,False,False,False,False,False,False,False,False,False,False,True,False,False,False,False,False,False,False,False,False,True,False,True,False,False,True,False,True,False,False,False,True,False,False,False,False,True,False,False,False,True,False,False,False,False,False,False
83,3,118.0,95.9,173.2,66.3,50.2,2921.0,156.0,3.59,3.86,7.0,145.0,5000.0,19.0,24.0,0.04964053406367682,4,39.0,21.5,False,False,False,False,False,False,False,False,False,False,True,False,False,False,False,False,False,False,False,False,False,True,True,True,False,True,False,False,True,False,False,False,True,False,False,False,False,True,False,False,False,False,False,False,False,False,True,False
181,-1,118.0,104.5,187.8,66.5,54.1,3151.0,161.0,3.27,3.35,9.2,156.0,5200.0,19.0,24.0,0.04950809266899397,6,26.833333333333332,21.5,False,False,False,False,False,False,False,False,False,False,False,False,False,False,False,False,False,False,True,False,False,True,False,False,False,False,False,True,False,True,False,False,False,False,False,False,False,False,True,False,False,False,False,False,False,True,False,False
186,2,94.0,97.3,171.7,65.5,55.7,2275.0,109.0,3.19,3.4,9.0,85.0,5250.0,27.0,34.0,0.03736263736263736,4,27.25,30.5,False,False,False,False,False,False,False,False,False,False,False,False,False,False,False,False,False,False,False,True,False,True,False,False,False,False,True,False,True,False,False,False,True,False,False,False,False,True,False,False,False,False,False,False,False,True,False,False
89,1,128.0,94.5,165.3,63.8,54.5,1889.0,97.0,3.15,3.29,9.4,69.0,5200.0,31.0,37.0,0.036527263102170464,4,24.25,34.0,False,False,False,False,False,False,False,False,False,False,False,True,False,False,False,False,False,False,False,False,False,True,False,True,False,False,True,False,True,False,False,False,True,False,False,False,False,True,False,False,False,True,False,False,False,False,False,False
8,1,158.0,105.8,192.7,71.4,55.9,3086.0,131.0,3.13,3.4,8.3,140.0,5500.0,17.0,20.0,0.04536616979909268,5,26.2,18.5,True,False,False,False,False,False,False,False,False,False,False,False,False,False,False,False,False,False,False,False,False,True,True,False,False,False,True,False,True,False,False,False,True,False,False,False,True,False,False,False,False,False,False,False,False,True,False,False
13,0,188.0,101.2,176.8,64.8,54.3,2765.0,164.0,3.31,3.19,9.0,121.0,4250.0,21.0,28.0,0.04376130198915009,6,27.333333333333332,24.5,False,True,False,False,False,False,False,False,False,False,False,False,False,False,False,False,False,False,False,False,False,True,False,False,False,False,True,False,False,True,False,False,True,False,False,False,False,False,True,False,False,False,False,False,False,True,False,False
59,1,129.0,98.8,177.8,66.5,53.7,2385.0,122.0,3.39,3.39,8.6,84.0,4800.0,26.0,32.0,0.03522012578616352,4,30.5,29.0,False,False,False,False,False,False,False,True,False,False,False,False,False,False,False,False,False,False,False,False,False,True,False,True,False,True,False,False,True,False,False,False,True,False,False,False,False,True,False,False,False,True,False,False,False,False,False,False
176,-1,65.0,102.4,175.6,66.5,54.9,2414.0,122.0,3.31,3.54,8.7,92.0,4200.0,27.0,32.0,0.03811101905550953,4,30.5,29.5,False,False,False,False,False,False,False,False,False,False,False,False,False,False,False,False,False,False,True,False,False,True,False,False,False,False,True,False,True,False,False,False,True,False,False,False,False,True,False,False,False,False,False,False,False,True,False,False
131,2,118.0,96.1,176.8,66.6,50.5,2460.0,132.0,3.46,3.9,8.7,95.0,5200.0,23.0,31.0,0.03861788617886179,4,33.0,27.0,False,False,False,False,False,False,False,False,False,False,False,False,False,False,False,True,False,False,False,False,False,True,False,True,False,True,False,False,True,False,False,False,True,False,False,False,False,True,False,False,False,False,False,False,False,True,False,False
17,0,118.0,110.0,197.0,70.9,56.3,3505.0,209.0,3.62,3.39,8.0,182.0,5400.0,15.0,20.0,0.051925820256776035,6,34.833333333333336,17.5,False,True,False,False,False,False,False,False,False,False,False,False,False,False,False,False,False,False,False,False,False,True,False,False,False,False,True,False,False,True,False,False,True,False,False,False,False,False,True,False,False,False,False,False,False,True,False,False
72,3,142.0,96.6,180.3,70.5,50.8,3685.0,234.0,3.46,3.1,8.3,155.0,4750.0,16.0,18.0,0.04206241519674356,8,29.25,17.0,False,False,False,False,False,False,False,False,True,False,False,False,False,False,False,False,False,False,False,False,False,True,False,True,False,False,False,False,False,True,False,False,False,False,True,False,False,False,False,False,False,False,False,False,False,True,False,False
180,-1,90.0,104.5,187.8,66.5,54.1,3131.0,171.0,3.27,3.35,9.2,156.0,5200.0,20.0,24.0,0.049824337272436924,6,28.5,22.0,False,False,False,False,False,False,False,False,False,False,False,False,False,False,False,False,False,False,True,False,False,True,False,False,False,False,True,False,False,True,False,False,False,False,False,False,False,False,True,False,False,False,False,False,False,True,False,False
134,3,150.0,99.1,186.6,66.5,56.1,2707.0,121.0,2.54,2.07,9.3,110.0,5250.0,21.0,28.0,0.04063538973032878,4,30.25,24.5,False,False,False,False,False,False,False,False,False,False,False,False,False,False,False,False,True,False,False,False,False,True,False,True,False,True,False,False,True,False,False,False,True,False,False,False,False,True,False,False,False,False,False,False,False,True,False,False
171,2,134.0,98.4,176.2,65.6,52.0,2714.0,146.0,3.62,3.5,9.3,116.0,4800.0,24.0,30.0,0.04274134119380987,4,36.5,27.0,False,False,False,False,False,False,False,False,False,False,False,False,False,False,False,False,False,False,True,False,False,True,False,True,False,True,False,False,False,True,False,False,True,False,False,False,False,True,False,False,False,False,False,False,False,True,False,False
198,-2,103.0,104.3,188.8,67.2,56.2,3045.0,130.0,3.62,3.15,7.5,162.0,5100.0,17.0,22.0,0.053201970443349754,4,32.5,19.5,False,False,False,False,False,False,False,False,False,False,False,False,False,False,False,False,False,False,False,False,True,True,True,False,False,False,True,False,False,True,False,False,True,False,False,False,False,True,False,False,False,False,False,False,False,True,False,False
63,0,118.0,98.8,177.8,66.5,55.5,2443.0,122.0,3.39,3.39,22.7,64.0,4650.0,36.0,42.0,0.026197298403602128,4,30.5,39.0,False,False,False,False,False,False,False,True,False,False,False,False,False,False,False,False,False,False,False,False,False,False,False,False,False,False,True,False,True,False,False,False,True,False,False,False,False,True,False,False,False,False,False,True,False,False,False,False
54,1,113.0,93.1,166.8,64.2,54.1,1950.0,91.0,3.08,3.15,9.0,68.0,5000.0,31.0,38.0,0.03487179487179487,4,22.75,34.5,False,False,False,False,False,False,False,True,False,False,False,False,False,False,False,False,False,False,False,False,False,True,False,False,False,False,True,False,True,False,False,False,True,False,False,False,False,True,False,False,False,True,False,False,False,False,False,False
107,0,161.0,107.9,186.7,68.4,56.7,3020.0,120.0,3.46,3.19,8.4,97.0,5000.0,19.0,24.0,0.032119205298013244,4,30.0,21.5,False,False,False,False,False,False,False,False,False,False,False,False,True,False,False,False,False,False,False,False,False,True,False,False,False,False,True,False,False,True,False,True,False,False,False,False,False,True,False,False,False,False,False,False,False,True,False,False
50,1,104.0,93.1,159.1,64.2,54.1,1890.0,91.0,3.03,3.15,9.0,68.0,5000.0,30.0,31.0,0.03597883597883598,4,22.75,30.5,False,False,False,False,False,False,False,True,False,False,False,False,False,False,False,False,False,False,False,False,False,True,False,True,False,True,False,False,True,False,False,False,True,False,False,False,False,True,False,False,False,True,False,False,False,False,False,False
201,-1,95.0,109.1,188.8,68.8,55.5,3049.0,141.0,3.78,3.15,8.7,160.0,5300.0,19.0,25.0,0.05247622171203673,4,35.25,22.0,False,False,False,False,False,False,False,False,False,False,False,False,False,False,False,False,False,False,False,False,True,True,True,False,False,False,True,False,False,True,False,False,True,False,False,False,False,True,False,False,False,False,False,False,False,True,False,False
169,2,134.0,98.4,176.2,65.6,52.0,2551.0,146.0,3.62,3.5,9.3,116.0,4800.0,24.0,30.0,0.04547236377891023,4,36.5,27.0,False,False,False,False,False,False,False,False,False,False,False,False,False,False,False,False,False,False,True,False,False,True,False,True,False,True,False,False,False,True,False,False,True,False,False,False,False,True,False,False,False,False,False,False,False,True,False,False
58,3,150.0,95.3,169.0,65.7,49.6,2500.0,80.0,3.31,3.29,9.4,135.0,6000.0,16.0,23.0,0.054,2,40.0,19.5,False,False,False,False,False,False,False,True,False,False,False,False,False,False,False,False,False,False,False,False,False,True,False,True,False,True,False,False,False,True,False,False,False,False,False,True,False,False,False,False,True,False,False,False,False,True,False,False
48,0,118.0,113.0,199.6,69.6,52.8,4066.0,258.0,3.63,4.17,8.1,176.0,4750.0,15.0,19.0,0.04328578455484506,6,43.0,17.0,False,False,False,False,False,False,True,False,False,False,False,False,False,False,False,False,False,False,False,False,False,True,False,False,False,False,True,False,False,True,False,False,False,False,False,False,False,False,True,False,False,False,False,False,False,True,False,False
88,-1,137.0,96.3,172.4,65.4,51.6,2403.0,110.0,3.17,3.46,7.5,116.0,5500.0,23.0,30.0,0.04827299209321681,4,27.5,26.5,False,False,False,False,False,False,False,False,False,False,True,False,False,False,False,False,False,False,False,False,False,True,False,False,False,False,True,False,True,False,False,False,True,False,False,False,False,True,False,False,False,False,False,False,False,False,True,False
21,1,118.0,93.7,157.3,63.8,50.8,1876.0,90.0,2.97,3.23,9.41,68.0,5500.0,37.0,41.0,0.03624733475479744,4,22.5,39.0,False,False,False,True,False,False,False,False,False,False,False,False,False,False,False,False,False,False,False,False,False,True,False,True,False,True,False,False,True,False,False,False,True,False,False,False,False,True,False,False,False,True,False,False,False,False,False,False
57,3,150.0,95.3,169.0,65.7,49.6,2385.0,70.0,3.31,3.29,9.4,101.0,6000.0,17.0,23.0,0.042348008385744235,2,35.0,20.0,False,False,False,False,False,False,False,True,False,False,False,False,False,False,False,False,False,False,False,False,False,True,False,True,False,True,False,False,False,True,False,False,False,False,False,True,False,False,False,False,True,False,True,False,False,False,False,False
160,0,91.0,95.7,166.3,64.4,53.0,2094.0,98.0,3.19,3.03,9.0,70.0,4800.0,38.0,47.0,0.033428844317096466,4,24.5,42.5,False,False,False,False,False,False,False,False,False,False,False,False,False,False,False,False,False,False,True,False,False,True,False,False,False,False,True,False,True,False,False,False,True,False,False,False,False,True,False,False,False,True,False,False,False,False,False,False
197,-1,74.0,104.3,188.8,67.2,57.5,3042.0,141.0,3.78,3.15,9.5,114.0,5400.0,24.0,28.0,0.03747534516765286,4,35.25,26.0,False,False,False,False,False,False,False,False,False,False,False,False,False,False,False,False,False,False,False,False,True,True,False,False,False,False,False,True,False,True,False,False,True,False,False,False,False,True,False,False,False,False,False,False,False,True,False,False
37,0,106.0,96.5,167.5,65.2,53.3,2236.0,110.0,3.15,3.58,9.0,86.0,5800.0,27.0,33.0,0.038461538461538464,4,27.5,30.0,False,False,False,False,True,False,False,False,False,False,False,False,False,False,False,False,False,False,False,False,False,True,False,True,False,True,False,False,True,False,False,False,True,False,False,False,False,True,False,False,False,False,False,False,False,False,False,False
157,0,91.0,95.7,166.3,64.4,52.8,2109.0,98.0,3.19,3.03,9.0,70.0,4800.0,30.0,37.0,0.03319108582266477,4,24.5,33.5,False,False,False,False,False,False,False,False,False,False,False,False,False,False,False,False,False,False,True,False,False,True,False,False,False,True,False,False,True,False,False,False,True,False,False,False,False,True,False,False,False,True,False,False,False,False,False,False
193,0,118.0,100.4,183.1,66.9,55.1,2563.0,109.0,3.19,3.4,9.0,88.0,5500.0,25.0,31.0,0.034334763948497854,4,27.25,28.0,False,False,False,False,False,False,False,False,False,False,False,False,False,False,False,False,False,False,False,True,False,True,False,False,False,False,False,True,True,False,False,False,True,False,False,False,False,True,False,False,False,False,False,False,False,True,False,False
1,3,118.0,88.6,168.8,64.1,48.8,2548.0,130.0,3.47,2.68,9.0,111.0,5000.0,21.0,27.0,0.04356357927786499,4,32.5,24.0,False,False,False,False,False,False,False,False,False,False,False,False,False,False,False,False,False,False,False,False,False,True,False,True,False,False,False,False,False,True,False,False,False,False,False,False,False,True,False,False,False,False,False,False,False,True,False,False
52,1,104.0,93.1,159.1,64.2,54.1,1905.0,91.0,3.03,3.15,9.0,68.0,5000.0,31.0,38.0,0.03569553805774278,4,22.75,34.5,False,False,False,False,False,False,False,True,False,False,False,False,False,False,False,False,False,False,False,False,False,True,False,True,False,True,False,False,True,False,False,False,True,False,False,False,False,True,False,False,False,True,False,False,False,False,False,False
149,0,85.0,96.9,173.6,65.4,54.9,2650.0,108.0,3.62,2.64,7.7,111.0,4800.0,23.0,23.0,0.04188679245283019,4,27.0,23.0,False,False,False,False,False,False,False,False,False,False,False,False,False,False,False,False,False,True,False,False,False,True,True,False,False,False,False,True,False,False,False,False,False,True,False,False,False,True,False,False,False,False,False,False,False,True,False,False
130,0,118.0,96.1,181.5,66.5,55.2,2579.0,132.0,3.46,3.9,8.7,95.0,5200.0,23.0,31.0,0.03683598293912369,4,33.0,27.0,False,False,False,False,False,False,False,False,False,False,False,False,False,False,False,True,False,False,False,False,False,True,False,False,False,False,False,True,True,False,False,False,True,False,False,False,False,True,False,False,False,False,False,False,False,True,False,False
151,1,87.0,95.7,158.7,63.6,54.5,2040.0,92.0,3.05,3.03,9.0,62.0,4800.0,31.0,38.0,0.030392156862745098,4,23.0,34.5,False,False,False,False,False,False,False,False,False,False,False,False,False,False,False,False,False,False,True,False,False,True,False,True,False,True,False,False,True,False,False,False,True,False,False,False,False,True,False,False,False,True,False,False,False,False,False,False
103,0,108.0,100.4,184.6,66.5,55.1,3060.0,181.0,3.43,3.27,9.0,152.0,5200.0,19.0,25.0,0.04967320261437908,6,30.166666666666668,22.0,False,False,False,False,False,False,False,False,False,False,False,True,False,False,False,False,False,False,False,False,False,True,False,False,False,False,True,False,True,False,False,False,False,False,True,False,False,False,True,False,False,False,False,False,False,True,False,False
99,0,106.0,97.2,173.4,65.2,54.7,2324.0,120.0,3.33,3.47,8.5,97.0,5200.0,27.0,34.0,0.04173838209982788,4,30.0,30.5,False,False,False,False,False,False,False,False,False,False,False,True,False,False,False,False,False,False,False,False,False,True,False,False,False,True,False,False,True,False,False,False,True,False,False,False,False,True,False,False,False,True,False,False,False,False,False,False
116,0,161.0,107.9,186.7,68.4,56.7,3252.0,152.0,3.7,3.52,21.0,95.0,4150.0,28.0,33.0,0.02921279212792128,4,38.0,30.5,False,False,False,False,False,False,False,False,False,False,False,False,True,False,False,False,False,False,False,False,False,False,True,False,False,False,True,False,False,True,False,True,False,False,False,False,False,True,False,False,False,False,False,True,False,False,False,False
87,1,125.0,96.3,172.4,65.4,51.6,2403.0,110.0,3.17,3.46,7.5,116.0,5500.0,23.0,30.0,0.04827299209321681,4,27.5,26.5,False,False,False,False,False,False,False,False,False,False,True,False,False,False,False,False,False,False,False,False,False,True,True,False,False,False,True,False,True,False,False,False,True,False,False,False,False,True,False,False,False,False,False,False,False,False,True,False
74,1,118.0,112.0,199.2,72.0,55.4,3715.0,304.0,3.8,3.35,8.0,184.0,4500.0,14.0,16.0,0.04952893674293405,8,38.0,15.0,False,False,False,False,False,False,False,False,True,False,False,False,False,False,False,False,False,False,False,False,False,True,False,True,True,False,False,False,False,True,False,False,False,False,True,False,False,False,False,False,False,False,False,False,False,True,False,False
121,1,154.0,93.7,167.3,63.8,50.8,1989.0,90.0,2.97,3.23,9.4,68.0,5500.0,31.0,38.0,0.03418803418803419,4,22.5,34.5,False,False,False,False,False,False,False,False,False,False,False,False,False,True,False,False,False,False,False,False,False,True,False,False,False,False,True,False,True,False,False,False,True,False,False,False,False,True,False,False,False,True,False,False,False,False,False,False
204,-1,95.0,109.1,188.8,68.9,55.5,3062.0,141.0,3.78,3.15,9.5,114.0,5400.0,19.0,25.0,0.037230568256041804,4,35.25,22.0,False,False,False,False,False,False,False,False,False,False,False,False,False,False,False,False,False,False,False,False,True,True,True,False,False,False,True,False,False,True,False,False,True,False,False,False,False,True,False,False,False,False,False,False,False,True,False,False
20,0,81.0,94.5,158.8,63.6,52.0,1909.0,90.0,3.03,3.11,9.6,70.0,5400.0,38.0,43.0,0.03666841278156103,4,22.5,40.5,False,False,True,False,False,False,False,False,False,False,False,False,False,False,False,False,False,False,False,False,False,True,False,False,False,False,True,False,True,False,False,False,True,False,False,False,False,True,False,False,False,True,False,False,False,False,False,False
188,2,94.0,97.3,171.7,65.5,55.7,2300.0,109.0,3.19,3.4,10.0,100.0,5500.0,26.0,32.0,0.043478260869565216,4,27.25,29.0,False,False,False,False,False,False,False,False,False,False,False,False,False,False,False,False,False,False,False,True,False,True,False,False,False,False,True,False,True,False,False,False,True,False,False,False,False,True,False,False,False,False,False,False,False,True,False,False
71,-1,118.0,115.6,202.6,71.7,56.5,3740.0,234.0,3.46,3.1,8.3,155.0,4750.0,16.0,18.0,0.04144385026737968,8,29.25,17.0,False,False,False,False,False,False,False,False,True,False,False,False,False,False,False,False,False,False,False,False,False,True,False,False,False,False,True,False,False,True,False,False,False,False,True,False,False,False,False,False,False,False,False,False,False,True,False,False
106,1,231.0,99.2,178.5,67.9,49.7,3139.0,181.0,3.43,3.27,9.0,160.0,5200.0,19.0,25.0,0.05097164702134438,6,30.166666666666668,22.0,False,False,False,False,False,False,False,False,False,False,False,True,False,False,False,False,False,False,False,False,False,True,False,True,False,True,False,False,False,True,False,False,False,False,True,False,False,False,True,False,False,False,False,False,False,True,False,False
14,1,118.0,103.5,189.0,66.9,55.7,3055.0,164.0,3.31,3.19,9.0,121.0,4250.0,20.0,25.0,0.03960720130932897,6,27.333333333333332,22.5,False,True,False,False,False,False,False,False,False,False,False,False,False,False,False,False,False,False,False,False,False,True,False,False,False,False,True,False,False,True,False,False,True,False,False,False,False,False,True,False,False,False,False,False,False,True,False,False
92,1,122.0,94.5,165.3,63.8,54.5,1938.0,97.0,3.15,3.29,9.4,69.0,5200.0,31.0,37.0,0.03560371517027864,4,24.25,34.0,False,False,False,False,False,False,False,False,False,False,False,True,False,False,False,False,False,False,False,False,False,True,False,False,False,False,True,False,True,False,False,False,True,False,False,False,False,True,False,False,False,True,False,False,False,False,False,False
179,3,197.0,102.9,183.5,67.7,52.0,3016.0,171.0,3.27,3.35,9.3,161.0,5200.0,19.0,24.0,0.05338196286472149,6,28.5,21.5,False,False,False,False,False,False,False,False,False,False,False,False,False,False,False,False,False,False,True,False,False,True,False,True,False,True,False,False,False,True,False,False,False,False,False,False,False,False,True,False,False,False,False,False,False,True,False,False
102,0,108.0,100.4,184.6,66.5,56.1,3296.0,181.0,3.43,3.27,9.0,152.0,5200.0,17.0,22.0,0.04611650485436893,6,30.166666666666668,19.5,False,False,False,False,False,False,False,False,False,False,False,True,False,False,False,False,False,False,False,False,False,True,False,False,False,False,False,True,True,False,False,False,False,False,True,False,False,False,True,False,False,False,False,False,False,True,False,False
